row_id,split
0,test
1,validation
2,test
3,train
4,train
5,train
6,test
7,train
8,train
9,test
10,test
11,test
12,train
13,train
14,train
15,test
16,train
17,train
18,test
19,validation
20,train
21,train
22,test
23,validation
24,train
25,train
26,validation
27,validation
28,train
29,validation
30,test
31,train
32,train
33,test
34,train
35,train
36,train
37,train
38,train
39,test
40,train
41,train
42,train
43,train
44,train
45,train
46,test
47,validation
48,train
49,train
50,train
51,train
52,validation
53,train
54,validation
55,test
56,train
57,validation
58,train
59,train
60,validation
61,validation
62,validation
63,test
64,train
65,train
66,train
67,train
68,test
69,validation
70,test
71,validation
72,test
73,test
74,train
75,test
76,test
77,test
78,test
79,test
80,train
81,train
82,test
83,train
84,test
85,train
86,train
87,validation
88,train
89,test
90,test
91,train
92,train
93,test
94,train
95,train
96,train
97,validation
98,train
99,validation
100,train
101,test
102,train
103,train
104,test
105,validation
106,validation
107,validation
108,train
109,train
110,validation
111,train
112,train
113,validation
114,train
115,validation
116,train
117,test
118,train
119,train
120,train
121,train
122,train
123,train
124,test
125,train
126,validation
127,train
128,validation
129,train
130,train
131,test
132,test
133,validation
134,train
135,train
136,train
137,test
138,train
139,train
140,test
141,train
142,train
143,train
144,validation
145,train
146,train
147,train
148,test
149,train
150,train
151,train
152,validation
153,test
154,train
155,test
156,train
157,train
158,test
159,train
160,train
161,train
162,train
163,validation
164,train
165,train
166,validation
167,test
168,train
169,train
170,train
171,train
172,train
173,train
174,train
175,validation
176,train
177,test
178,train
179,train
180,test
181,train
182,test
183,train
184,test
185,validation
186,validation
187,validation
188,train
189,train
190,train
191,train
192,train
193,train
194,validation
195,train
196,validation
197,train
198,train
199,train
200,train
201,validation
202,train
203,train
204,train
205,train
206,train
207,train
208,train
209,test
210,test
211,train
212,validation
213,validation
214,validation
215,train
216,train
217,validation
218,test
219,train
220,test
221,train
222,train
223,train
224,train
225,test
226,train
227,test
228,train
229,test
230,train
231,test
232,train
233,train
234,train
235,train
236,train
237,train
238,train
239,train
240,train
241,validation
242,train
243,validation
244,validation
245,train
246,train
247,test
248,train
249,train
250,train
251,train
252,train
253,train
254,train
255,test
256,validation
257,train
258,train
259,train
260,train
261,train
262,train
263,train
264,train
265,validation
266,train
267,validation
268,train
269,train
270,train
271,train
272,train
273,train
274,validation
275,validation
276,train
277,train
278,test
279,train
280,train
281,validation
282,train
283,train
284,test
285,train
286,validation
287,train
288,train
289,train
290,test
291,train
292,train
293,train
294,train
295,train
296,train
297,train
298,train
299,train
300,train
301,test
302,train
303,train
304,validation
305,train
306,validation
307,train
308,train
309,train
310,train
311,test
312,train
313,train
314,train
315,train
316,train
317,train
318,test
319,validation
320,train
321,train
322,train
323,train
324,train
325,validation
326,train
327,train
328,train
329,train
330,train
331,train
332,train
333,test
334,test
335,train
336,test
337,train
338,train
339,train
340,validation
341,validation
342,train
343,validation
344,train
345,train
346,test
347,train
348,train
349,train
350,train
351,train
352,test
353,validation
354,train
355,validation
356,train
357,train
358,validation
359,train
360,train
361,train
362,test
363,train
364,validation
365,train
366,train
367,train
368,train
369,validation
370,train
371,test
372,train
373,train
374,train
375,train
376,train
377,test
378,train
379,train
380,train
381,test
382,train
383,train
384,validation
385,train
386,train
387,train
388,validation
389,train
390,train
391,train
392,train
393,test
394,train
395,test
396,train
397,test
398,train
399,test
400,train
401,train
402,train
403,train
404,train
405,train
406,train
407,validation
408,train
409,train
410,validation
411,train
412,validation
413,train
414,train
415,train
416,train
417,train
418,validation
419,train
420,test
421,validation
422,train
423,train
424,validation
425,train
426,train
427,validation
428,train
429,test
430,train
431,train
432,test
433,test
434,train
435,train
436,train
437,test
438,test
439,test
440,test
441,train
442,train
443,train
444,train
445,validation
446,validation
447,validation
448,train
449,train
450,train
451,test
452,train
453,test
454,validation
455,train
456,validation
457,test
458,train
459,train
460,train
461,validation
462,test
463,train
464,test
465,test
466,validation
467,train
468,train
469,test
470,train
471,train
472,train
473,train
474,train
475,train
476,test
477,train
478,validation
479,validation
480,test
481,train
482,train
483,train
484,test
485,train
486,train
487,train
488,test
489,train
490,train
491,train
492,test
493,test
494,train
495,train
496,train
497,train
498,train
499,train
500,train
501,train
502,test
503,test
504,train
505,validation
506,train
507,train
508,test
509,validation
510,train
511,train
512,test
513,test
514,test
515,train
516,train
517,train
518,train
519,test
520,train
521,test
522,test
523,train
524,train
525,test
